Resource,Capability,Method,Count,Count_Pct,Avg,Min,P5,P25,P50,P75,P95,P99,Max,Stdev,Sum,Sum_Pct
Audit_Data.MapServer,MapServer,layers/3/query,2450.0,0.07164,0.018954427912831306,0.0004900000058114529,0.000859999970998615,0.0011099999537691474,0.001769999973475933,0.004279999993741512,0.1433899998664856,0.2693600058555603,0.7355499863624573,0.06402683692314046,46.438350677490234,0.0005499999970197678
VTD/VotingDistrictsViewer.MapServer,MapServer,/export,1405.0,0.04108,1.0970474481582642,0.1581999957561493,0.4224900007247925,0.9292899966239929,1.1030900478363037,1.2394399642944336,1.5732200145721436,2.1067099571228027,4.595739841461182,0.4365206998581848,1541.3516845703125,0.018279999494552612
LUCA/BASEMAP_2016.MapServer,MapServer,/export,1309.0,0.03828,0.17710328102111816,0.04853000119328499,0.10678999871015549,0.13539999723434448,0.15898999571800232,0.22473999857902527,0.27344998717308044,0.3154999911785126,0.8490200042724609,0.06302280247430497,231.82818603515625,0.002749999985098839
PES_BCU/PES_BCU_Search.MapServer,MapServer,/export,1231.0,0.036,1.1488755941390991,0.04563000053167343,0.2444400042295456,0.39162999391555786,0.5803700089454651,0.8951799869537354,3.7126400470733643,14.198800086975098,33.226200103759766,2.670637499367094,1414.265869140625,0.016780000180006027
Audit_Data.MapServer,MapServer,layers/6/query,1194.0,0.03491,0.3643505871295929,0.000859999970998615,0.001610000035725534,0.002749999985098839,0.0038999998942017555,0.004209999926388264,2.854029893875122,5.340320110321045,10.065569877624512,1.1022053480497083,435.03460693359375,0.005160000175237656
Coll_Geo_2020/2020_Coll_Geo_Viewer_wBCU.MapServer,MapServer,/export,945.0,0.02763,0.9338273406028748,0.18663999438285828,0.31369999051094055,0.5258899927139282,0.669219970703125,0.9948800206184387,1.9576200246810913,5.832320213317871,32.79087829589844,1.4560108278377542,882.4668579101562,0.010470000095665455
VTD/VotingDistrictsViewer.MapServer,MapServer,layers/1/query,766.0,0.0224,0.06367054581642151,0.04162999987602234,0.05423999950289726,0.0558600015938282,0.05716999992728233,0.059220001101493835,0.14449000358581543,0.1547199934720993,0.3642599880695343,0.025052563687553108,48.77164077758789,0.0005799999926239252
Audit_Data.MapServer,MapServer,layers/7/query,594.0,0.01737,0.037622708827257156,0.0008299999753944576,0.0009599999757483602,0.001829999964684248,0.0027000000700354576,0.007569999899715185,0.2395399957895279,0.25172001123428345,0.5932999849319458,0.08044845665131019,22.347890853881836,0.0002699999895412475
Audit_Data.MapServer,MapServer,layers/5/query,516.0,0.01509,0.008234864100813866,0.0007900000200606883,0.0008900000248104334,0.0011399999493733048,0.0029100000392645597,0.0038999998942017555,0.02572000026702881,0.19867999851703644,0.6918799877166748,0.03967340396066613,4.249189853668213,4.999999873689376e-05
Coll_Geo_2020/BCU_73_pt.MapServer,MapServer,layers/0/query,442.0,0.01292,38.9487419128418,0.0017000000225380063,0.002369999885559082,0.015189999714493752,41.43925857543945,74.45075225830078,95.35945892333984,112.89862060546875,128.7580108642578,37.06408921049224,17215.34375,0.2042199969291687
Audit_Data.MapServer,MapServer,layers/2/query,258.0,0.00754,0.028405580669641495,0.0008399999933317304,0.0008900000248104334,0.0011599999852478504,0.0014900000533089042,0.007009999826550484,0.17497999966144562,0.37852999567985535,0.7852699756622314,0.07911610202503544,7.328639984130859,9.000000136438757e-05
Coll_Geo_2020/2020_Coll_Geo_Viewer_wBCU.MapServer,MapServer,layers/4/query,224.0,0.00655,0.1565919667482376,0.01095999963581562,0.012629999779164791,0.048340000212192535,0.09023000299930573,0.24628999829292297,0.38503000140190125,0.5565699934959412,0.5802299976348877,0.1384222179847601,35.07659912109375,0.0004199999966658652
Coll_Geo_2020/2020_Coll_Geo_Viewer_wBCU.MapServer,MapServer,layers/34/query,221.0,0.00646,84.76107025146484,0.0025400000158697367,0.0031300000846385956,0.054760001599788666,0.11655999720096588,257.87493896484375,331.8467102050781,413.2647399902344,501.2733154296875,140.99590875225772,18732.197265625,0.22221000492572784
PES_BCU/PES_BCU_Search.MapServer,MapServer,layers/9/query,217.0,0.00635,21.782474517822266,0.010440000332891941,14.760970115661621,17.7523193359375,20.3037109375,24.707599639892578,33.26551055908203,45.42512130737305,50.8785400390625,6.323156769088175,4726.796875,0.0560699999332428
PES_BCU/PES_BCU_Search.MapServer,MapServer,layers/8/query,191.0,0.00558,19.566211700439453,0.010599999688565731,13.001819610595703,15.694479942321777,18.824129104614258,22.405750274658203,29.63176918029785,36.06081008911133,36.26057815551758,5.174858419500395,3737.146240234375,0.04433000087738037
PES_BCU/PES_BCU_Search.MapServer,MapServer,layers/11/query,175.0,0.00512,13.521648406982422,0.010400000028312206,9.152139663696289,10.794790267944336,13.1596097946167,16.177490234375,19.687999725341797,24.29598045349121,24.819120407104492,3.624053207107027,2366.288330078125,0.02806999906897545
PES_BCU/PES_BCU_Search.MapServer,MapServer,layers/13/query,169.0,0.00494,18.81972312927246,0.010420000180602074,12.843099594116211,15.708120346069336,18.17205047607422,21.764440536499023,26.481779098510742,31.111249923706055,41.35028839111328,4.778310141161105,3180.533203125,0.03773000091314316
PES_BCU/PES_BCU_Search.MapServer,MapServer,layers/10/query,157.0,0.00459,20.76197052001953,0.01051000040024519,13.474699974060059,16.358749389648438,19.805660247802734,24.6541690826416,30.89957046508789,36.813480377197266,37.98884963989258,5.803379228557447,3259.629150390625,0.038669999688863754
Coll_Geo_2020/2020_Coll_Geo_Viewer_wBCU.MapServer,MapServer,layers/38/query,151.0,0.00442,1.4043357372283936,0.007579999975860119,0.010490000247955322,0.052319999784231186,1.5940799713134766,1.9650700092315674,2.7562499046325684,5.852330207824707,8.857680320739746,1.152001084140671,212.0546875,0.002520000096410513
Coll_Geo_2020/2020_Coll_Geo_Viewer_wBCU.MapServer,MapServer,layers/10/query,150.0,0.00439,0.10715426504611969,0.0074800001457333565,0.007809999864548445,0.04447999969124794,0.06255000084638596,0.12364999949932098,0.3687700033187866,0.649940013885498,0.704010009765625,0.11692628628641528,16.073139190673828,0.0001900000061141327
PES_BCU/PES_BCU_Search.MapServer,MapServer,layers/12/query,148.0,0.00433,12.566642761230469,0.010350000113248825,8.318889617919922,10.493289947509766,12.04778003692627,14.275259971618652,17.860790252685547,21.310829162597656,23.580120086669922,3.048022483883424,1859.8631591796875,0.022059999406337738
Coll_Geo_2020/2020_Coll_Geo_Viewer_wBCU.MapServer,MapServer,layers/44/query,143.0,0.00418,0.26660075783729553,0.004399999976158142,0.007660000119358301,0.08246999979019165,0.2976999878883362,0.35975000262260437,0.4663200080394745,1.0026600360870361,1.604889988899231,0.19980991972574472,38.12390899658203,0.00044999999227002263
Coll_Geo_2020/2020_Coll_Geo_Viewer_wBCU.MapServer,MapServer,layers/51/query,138.0,0.00404,0.1404644250869751,0.007149999961256981,0.007290000095963478,0.020899999886751175,0.026419999077916145,0.04548000171780586,0.6625800132751465,0.7105000019073486,1.005429983139038,0.23392244801027198,19.384090423583984,0.0002300000051036477
Coll_Geo_2020/2020_Coll_Geo_Viewer_wBCU.MapServer,MapServer,layers/20/query,128.0,0.00374,0.5138753652572632,0.0016599999507889152,0.004189999774098396,0.30612999200820923,0.5185800194740295,0.6703000068664551,0.8221499919891357,1.5776499509811401,5.170269966125488,0.5126157676351446,65.77604675292969,0.0007800000021234155
Coll_Geo_2020/2020_Coll_Geo_Viewer_wBCU.MapServer,MapServer,layers/16/query,128.0,0.00374,0.17371226847171783,0.0039900001138448715,0.004100000020116568,0.06384000182151794,0.1367100030183792,0.15869000554084778,0.28336000442504883,0.5621299743652344,5.240920066833496,0.45874184187021816,22.235170364379883,0.00026000000070780516
Coll_Geo_2020/2020_Coll_Geo_Viewer_wBCU.MapServer,MapServer,layers/30/query,124.0,0.00363,0.12572887539863586,0.003920000046491623,0.004110000096261501,0.057360000908374786,0.09864000231027603,0.12159000337123871,0.39563998579978943,0.4428899884223938,1.1385799646377563,0.13831921121826468,15.59037971496582,0.00018000000272877514
Coll_Geo_2020/2020_Coll_Geo_Viewer_wBCU.MapServer,MapServer,layers/26/query,123.0,0.0036,0.09204162657260895,0.004000000189989805,0.004149999935179949,0.028379999101161957,0.05150999873876572,0.07276999950408936,0.35074999928474426,0.5411099791526794,1.0653599500656128,0.13699766834630606,11.321120262145996,0.00013000000035390258
PES_BCU/PES_BCU_Search.MapServer,MapServer,layers/6/query,122.0,0.00357,0.08553910255432129,0.01152000017464161,0.02297000028192997,0.032419998198747635,0.04741999879479408,0.06406000256538391,0.17637999355793,0.4258100092411041,2.1854400634765625,0.2020466064003636,10.435770034790039,0.00011999999696854502
2020_Mail_Contact_Strategy.MapServer,MapServer,/export,90.0,0.00263,0.30309921503067017,0.06740999966859818,0.10324999690055847,0.2137800008058548,0.30531999468803406,0.3795599937438965,0.504859983921051,0.6688100099563599,0.6688100099563599,0.13490170979738506,27.2789306640625,0.00031999999191612005
Audit_Data.MapServer,MapServer,layers/1/query,78.0,0.00228,0.035738203674554825,0.000859999970998615,0.0009299999801442027,0.0012199999764561653,0.003530000103637576,0.01104000024497509,0.0630199983716011,1.5513499975204468,1.5513499975204468,0.18163969969864383,2.7875800132751465,2.9999999242136255e-05
Audit_Data.MapServer,MapServer,layers/4/query,75.0,0.00219,0.02242213301360607,0.0009800000116229057,0.001560000004246831,0.0017000000225380063,0.0019499999471008778,0.029910000041127205,0.12297999858856201,0.18318000435829163,0.18318000435829163,0.03645408029597055,1.6816599369049072,1.9999999494757503e-05
BCU_ora.MapServer,MapServer,layers/0/query,74.0,0.00216,0.19318459928035736,0.0016400000313296914,0.02694999985396862,0.0568000003695488,0.13095000386238098,0.26631999015808105,0.5243099927902222,0.557449996471405,0.557449996471405,0.14820168940838616,14.295660018920898,0.00016999999934341758
Coll_Geo_2020/2020_Coll_Geo_Viewer.MapServer,MapServer,/export,52.0,0.00152,0.9326279163360596,0.23855000734329224,0.37171000242233276,0.7009000182151794,0.8065800070762634,1.1438499689102173,1.8260300159454346,2.154010057449341,2.154010057449341,0.39474326720886566,48.49665069580078,0.0005799999926239252
bas20gdb_BCU_73_pt_min.MapServer,MapServer,layers/0/query,47.0,0.00137,8.307365417480469,0.00860000029206276,0.00872000027447939,0.008899999782443047,0.009460000321269035,0.07943999767303467,49.009220123291016,106.33045196533203,106.33045196533203,22.948904010914898,390.4461669921875,0.004629999864846468
AdCan/AdCan_County_Rec.MapServer,MapServer,/export,46.0,0.00135,0.8307717442512512,0.15307000279426575,0.20255999267101288,0.4225800037384033,0.770829975605011,1.0610100030899048,1.698889970779419,1.9647300243377686,1.9647300243377686,0.47048558849203925,38.21549987792969,0.00044999999227002263
Coll_Geo_2020/2020_Coll_Geo_Viewer_wBCU.MapServer,MapServer,layers/32/query,42.0,0.00123,0.14639165997505188,0.042899999767541885,0.04830000177025795,0.07643000036478043,0.10170000046491623,0.1447400003671646,0.27757999300956726,0.8635799884796143,0.8635799884796143,0.13726221822055423,6.148449897766113,7.000000186963007e-05
IntProdPortal/2020_IFAC_Universe.MapServer,MapServer,/export,39.0,0.00114,12.803603172302246,0.0522099994122982,0.08070000261068344,0.15335999429225922,0.22039000689983368,3.4855198860168457,171.7318115234375,181.075927734375,181.075927734375,38.7591328495337,499.34051513671875,0.005919999908655882
AdCan/AdCan_County_Proc.MapServer,MapServer,/export,38.0,0.00111,0.9795963168144226,0.14895999431610107,0.19393999874591827,0.6186500191688538,1.0477800369262695,1.1825200319290161,1.6737099885940552,1.8703700304031372,1.8703700304031372,0.42046999577572886,37.22465896606445,0.0004400000034365803
AdCan/AdCan_BCU.MapServer,MapServer,/export,37.0,0.00108,4.012980937957764,0.2266799956560135,0.2636600136756897,0.46904000639915466,1.3368099927902222,7.934450149536133,10.255220413208008,13.440710067749023,13.440710067749023,3.875553000249873,148.48028564453125,0.0017600000137463212
Coll_Geo_2020/2020_Coll_Geo_Viewer_wBCU.MapServer,MapServer,layers/42/query,31.0,0.00091,0.09035871177911758,0.01638999953866005,0.03254000097513199,0.06261000037193298,0.08282999694347382,0.09499000012874603,0.16639000177383423,0.33480000495910645,0.33480000495910645,0.0551213519974317,2.8011200428009033,2.9999999242136255e-05
AdCan/AdCan_State_Rec.MapServer,MapServer,/export,28.0,0.00082,0.3508228659629822,0.09657999873161316,0.10221000015735626,0.2555299997329712,0.3805299997329712,0.43432000279426575,0.49195998907089233,0.5885199904441833,0.5885199904441833,0.12589844062340674,9.823040008544922,0.00011999999696854502
IntProdPortal/2020_TEA.MapServer,MapServer,/export,27.0,0.00079,4.238463878631592,0.09627000242471695,0.15211999416351318,0.5998600125312805,1.0396599769592285,8.685700416564941,11.460439682006836,18.435840606689453,18.435840606689453,4.909750731555021,114.43852233886719,0.0013599999947473407
IntProdPortal/2020_IFAC_Universe2.MapServer,MapServer,/export,23.0,0.00067,14.345002174377441,0.1340399980545044,0.16545000672340393,1.6855800151824951,2.2305901050567627,22.417539596557617,77.44159698486328,87.46105194091797,87.46105194091797,23.08334898755755,329.93505859375,0.003909999970346689
AdCan/AdCan_State_Proc.MapServer,MapServer,/export,23.0,0.00067,0.33567479252815247,0.0945499986410141,0.10284999758005142,0.22830000519752502,0.3822000026702881,0.4301399886608124,0.47738999128341675,0.6284800171852112,0.6284800171852112,0.13832017266221452,7.72052001953125,9.000000136438757e-05
Coll_Geo_2020/BCU_73.MapServer,MapServer,/export,23.0,0.00067,0.8207021951675415,0.09299000352621078,0.18116000294685364,0.19068999588489532,0.2904999852180481,1.271690011024475,3.2865400314331055,3.305759906768799,3.305759906768799,0.9353259429429464,18.876150131225586,0.00022000000171829015
Coll_Geo_2020/2020_Coll_Geo_Viewer_wBCU.MapServer,MapServer,/legend,19.0,0.00056,0.05086789280176163,0.035909999161958694,0.035909999161958694,0.03678999841213226,0.05014000087976456,0.053360000252723694,0.1535400003194809,0.1535400003194809,0.1535400003194809,0.025381612780709762,0.9664899706840515,9.999999747378752e-06
Coll_Geo_2020/2020_Coll_Geo_Viewer_wBCU.MapServer,MapServer,layers/43/query,19.0,0.00056,0.06394684314727783,0.03353999927639961,0.03353999927639961,0.0517599992454052,0.06932999938726425,0.07143999636173248,0.08758000284433365,0.08758000284433365,0.08758000284433365,0.014019167839600298,1.2149900197982788,9.999999747378752e-06
Coll_Geo_2020/2020_Coll_Geo_Viewer.MapServer,MapServer,/legend,18.0,0.00053,0.20614445209503174,0.09893999993801117,0.09893999993801117,0.20497000217437744,0.21172000467777252,0.21387000381946564,0.23167000710964203,0.23167000710964203,0.23167000710964203,0.027281045233999462,3.7106001377105713,3.9999998989515007e-05
Coll_Geo_2020/2020_Coll_Geo_Viewer_wBCU.MapServer,MapServer,/,18.0,0.00053,0.9184872508049011,0.33928999304771423,0.33928999304771423,0.5551900267601013,0.6035599708557129,0.6708700060844421,3.714750051498413,3.714750051498413,3.714750051498413,0.7767292179702987,16.53277015686035,0.00019999999494757503
Coll_Geo_2020/2020_Coll_Geo_Viewer_wBCU.MapServer,MapServer,layers/9/query,18.0,0.00053,0.17971666157245636,0.0838799998164177,0.0838799998164177,0.14827999472618103,0.19046999514102936,0.21313999593257904,0.2563199996948242,0.2563199996948242,0.2563199996948242,0.045159419161623034,3.2348999977111816,3.9999998989515007e-05
Coll_Geo_2020/2020_Coll_Geo_Viewer_wBCU.MapServer,MapServer,layers/50/query,18.0,0.00053,0.4101933240890503,0.3056100010871887,0.3056100010871887,0.3384000062942505,0.3938800096511841,0.4447000026702881,0.5301899909973145,0.5301899909973145,0.5301899909973145,0.06729389270587334,7.383480072021484,9.000000136438757e-05
LUCA/BASEMAP_2016.MapServer,MapServer,/,17.0,0.0005,0.6231176257133484,0.07670000195503235,0.07670000195503235,0.11242000013589859,0.1761299967765808,0.9264199733734131,2.4237101078033447,2.4237101078033447,2.4237101078033447,0.7216703744996152,10.593000411987305,0.00013000000035390258
Coll_Geo_2020/2020_Coll_Geo_Viewer_wBCU.MapServer,MapServer,layers/49/query,17.0,0.0005,0.3187229335308075,0.06177999824285507,0.06177999824285507,0.24264000356197357,0.297870010137558,0.34981998801231384,0.7099999785423279,0.7099999785423279,0.7099999785423279,0.13733309625375553,5.418290138244629,5.999999848427251e-05
Coll_Geo_2020/2020_Coll_Geo_Viewer_wBCU.MapServer,MapServer,layers/15/query,17.0,0.0005,0.18388353288173676,0.10770999640226364,0.10770999640226364,0.16745999455451965,0.18976999819278717,0.20791999995708466,0.24053999781608582,0.24053999781608582,0.24053999781608582,0.031738905226407065,3.1260199546813965,3.9999998989515007e-05
VTD/VotingDistrictsViewer.MapServer,MapServer,/,16.0,0.00047,0.46448999643325806,0.13845999538898468,0.13845999538898468,0.16955000162124634,0.20207999646663666,0.7619699835777283,1.0661200284957886,1.0661200284957886,1.0661200284957886,0.33753227902837196,7.431839942932129,9.000000136438757e-05
Coll_Geo_2020/2020_Coll_Geo_Viewer_wBCU.MapServer,MapServer,layers/8/query,15.0,0.00044,0.12852799892425537,0.04442000016570091,0.04442000016570091,0.09074000269174576,0.14608000218868256,0.16204999387264252,0.18956999480724335,0.18956999480724335,0.18956999480724335,0.04761321156173488,1.9279199838638306,1.9999999494757503e-05
Coll_Geo_2020/BCU_73.MapServer,MapServer,layers/1/query,14.0,0.00041,78.47846984863281,7.135379791259766,7.135379791259766,66.31266784667969,74.61698150634766,95.57594299316406,123.7396469116211,123.7396469116211,123.7396469116211,27.77328900824584,1098.6986083984375,0.013030000030994415
AdCan/AdCan_County_Proc.MapServer,MapServer,/legend,13.0,0.00038,0.07232154160737991,0.047370001673698425,0.047370001673698425,0.0678199976682663,0.06970000267028809,0.07265999913215637,0.09932000190019608,0.09932000190019608,0.09932000190019608,0.013774017090787988,0.9401800036430359,9.999999747378752e-06
PES_BCU/PES_BCU_Search.MapServer,MapServer,/,12.0,0.00035,0.8754374980926514,0.19754000008106232,0.19754000008106232,0.20180000364780426,0.6771399974822998,1.2130999565124512,2.385859966278076,2.385859966278076,2.385859966278076,0.6736419921556704,10.505249977111816,0.00011999999696854502
VTD/VotingDistrictsViewer_156fs.MapServer,MapServer,/export,12.0,0.00035,2.274115800857544,0.7138800024986267,0.7138800024986267,1.0195800065994263,1.1405199766159058,3.8006200790405273,4.8354997634887695,4.8354997634887695,4.8354997634887695,1.520402306801323,27.28938865661621,0.00031999999191612005
AdCan/AdCan_County_Rec.MapServer,MapServer,/legend,12.0,0.00035,0.07471500337123871,0.05688999965786934,0.05688999965786934,0.06866999715566635,0.07074999809265137,0.07231999933719635,0.09527000039815903,0.09527000039815903,0.09527000039815903,0.010807812908627824,0.8965799808502197,9.999999747378752e-06
Coll_Geo_2020/2020_Coll_Geo_Viewer_wBCU.MapServer,MapServer,MapServer.IsFixedScaleMap,12.0,0.00035,0.0004741666780319065,0.0003600000054575503,0.0003600000054575503,0.0004299999854993075,0.0004600000102072954,0.0005099999834783375,0.0005799999926239252,0.0005799999926239252,0.0005799999926239252,5.574620201036037e-05,0.005690000019967556,0.0
Coll_Geo_2020/2020_Coll_Geo_Viewer_wBCU.MapServer,MapServer,layers/3/query,12.0,0.00035,0.11181750148534775,0.04462999850511551,0.04462999850511551,0.06892000138759613,0.07677000015974045,0.11412999778985977,0.313400000333786,0.313400000333786,0.313400000333786,0.07287405702977943,1.3418099880218506,1.9999999494757503e-05
Coll_Geo_2020/BCU_73_query.MapServer,MapServer,/,12.0,0.00035,0.06712750345468521,0.00203000009059906,0.00203000009059906,0.0020800000056624413,0.07581000030040741,0.1136699989438057,0.11623000353574753,0.11623000353574753,0.11623000353574753,0.04846389667720812,0.8055300116539001,9.999999747378752e-06
IntProdPortal/2020_IFAC_Universe.MapServer,MapServer,/,11.0,0.00032,0.5962945222854614,0.0659400001168251,0.0659400001168251,0.10093999654054642,0.8449599742889404,0.979610025882721,1.4757100343704224,1.4757100343704224,1.4757100343704224,0.48810046150324604,6.559239864349365,7.999999797903001e-05
IntProdPortal/2020_TEA.MapServer,MapServer,/,10.0,0.00029,0.5171080231666565,0.08329000324010849,0.08329000324010849,0.11381000280380249,0.13976000249385834,0.9343900084495544,1.1126999855041504,1.1126999855041504,1.1126999855041504,0.42938444013578786,5.171080112457275,5.999999848427251e-05
test/test_arcmap_ref.MapServer,MapServer,layers/0/query,10.0,0.00029,0.07865799963474274,0.015519999898970127,0.015519999898970127,0.016270000487565994,0.01672999933362007,0.01696999929845333,0.544160008430481,0.544160008430481,0.544160008430481,0.15770591808077933,0.7865800261497498,9.999999747378752e-06
Coll_Geo_2020/2020_Coll_Geo_Viewer_wBCU.MapServer,MapServer,MapServer.GetDefaultMapName,10.0,0.00029,0.0009270000155083835,0.00041000000783242285,0.00041000000783242285,0.00046999999904073775,0.0005099999834783375,0.0016499999910593033,0.00215000007301569,0.00215000007301569,0.00215000007301569,0.0006618013232121466,0.009270000271499157,0.0
Coll_Geo_2020/BCU_73_pt.MapServer,MapServer,/,10.0,0.00029,0.23432199656963348,0.11781000345945358,0.11781000345945358,0.13040000200271606,0.1594800055027008,0.16553999483585358,1.0022000074386597,1.0022000074386597,1.0022000074386597,0.2565545163875976,2.3432199954986572,2.9999999242136255e-05
bas20gdb_BCU_73_pt_min.MapServer,MapServer,/export,9.0,0.00026,6.793216705322266,0.08421000093221664,0.08421000093221664,0.28898000717163086,0.40700000524520874,18.591880798339844,20.729339599609375,20.729339599609375,20.729339599609375,9.07238088674757,61.13895034790039,0.0007300000288523734
Coll_Geo_2020/2020_Coll_Geo_Viewer_wBCU.MapServer,MapServer,layers/25/query,9.0,0.00026,0.1996677815914154,0.12601999938488007,0.12601999938488007,0.1740500032901764,0.19339999556541443,0.22074000537395477,0.2727699875831604,0.2727699875831604,0.2727699875831604,0.04444654399816549,1.7970099449157715,1.9999999494757503e-05
Coll_Geo_2020/BCU_73_query.MapServer,MapServer,layers/0/query,9.0,0.00026,93.85893249511719,0.004480000119656324,0.004480000119656324,87.12184143066406,98.97521209716797,116.5643081665039,133.22445678710938,133.22445678710938,133.22445678710938,37.005863683961636,844.7303466796875,0.01001999992877245
IntProdPortal/2020_IFAC_Universe2.MapServer,MapServer,/,8.0,0.00023,0.07825374603271484,0.011130000464618206,0.011130000464618206,0.01128000020980835,0.11665000021457672,0.11773999780416489,0.12088999897241592,0.12088999897241592,0.12088999897241592,0.05182621270239642,0.6260299682617188,9.999999747378752e-06
MyMapService.MapServer,MapServer,/,8.0,0.00023,0.39067748188972473,0.007790000177919865,0.007790000177919865,0.009449999779462814,0.10954000055789948,0.8375599980354309,1.0151699781417847,1.0151699781417847,1.0151699781417847,0.4201389983342512,3.125419855117798,3.9999998989515007e-05
AdCan/AdCan_County_Rec.MapServer,MapServer,/,8.0,0.00023,0.9127112627029419,0.16293999552726746,0.16293999552726746,0.18052999675273895,0.8198000192642212,1.1003299951553345,2.0313498973846436,2.0313498973846436,2.0313498973846436,0.5655441658790438,7.301690101623535,9.000000136438757e-05
Coll_Geo_2020/2020_Coll_Geo_Viewer.MapServer,MapServer,/,8.0,0.00023,0.8519687652587891,0.514959990978241,0.514959990978241,0.5170800089836121,0.558489978313446,1.1735899448394775,1.535830020904541,1.535830020904541,1.535830020904541,0.4109607545862224,6.8157501220703125,7.999999797903001e-05
test/Test_ArcGISPro_Ref.MapServer,MapServer,/export,7.0,0.0002,0.2302899956703186,0.21074999868869781,0.21074999868869781,0.21619999408721924,0.2394299954175949,0.24053999781608582,0.24788999557495117,0.24788999557495117,0.24788999557495117,0.01387663579252057,1.612030029296875,1.9999999494757503e-05
2020_Mail_Contact_Strategy.MapServer,MapServer,/legend,7.0,0.0002,0.01752142794430256,0.00865000020712614,0.00865000020712614,0.008820000104606152,0.008980000391602516,0.024769999086856842,0.050939999520778656,0.050939999520778656,0.050939999520778656,0.01466756749737249,0.12264999747276306,0.0
2020_Mail_Contact_Strategy.MapServer,MapServer,layers/0/query,7.0,0.0002,2.0362601280212402,0.53889000415802,0.53889000415802,1.5324300527572632,1.9548799991607666,2.2118101119995117,3.8928799629211426,3.8928799629211426,3.8928799629211426,0.9271426848600819,14.253820419311523,0.00016999999934341758
AdCan/AdCan_BCU.MapServer,MapServer,/,7.0,0.0002,0.8917400240898132,0.15036000311374664,0.15036000311374664,0.5897799730300903,0.9315900206565857,1.179419994354248,1.4252699613571167,1.4252699613571167,1.4252699613571167,0.38994309773784375,6.242179870605469,7.000000186963007e-05
AdCan/AdCan_County_Proc.MapServer,MapServer,/,7.0,0.0002,0.9230471253395081,0.16654999554157257,0.16654999554157257,0.17479999363422394,0.7575899958610535,1.6571799516677856,1.8055599927902222,1.8055599927902222,1.8055599927902222,0.6079511266210235,6.461329936981201,7.999999797903001e-05
AdCan/AdCan_State_Rec.MapServer,MapServer,/legend,7.0,0.0002,0.04902999848127365,0.039969999343156815,0.039969999343156815,0.04092000052332878,0.043310001492500305,0.06151999905705452,0.06421999633312225,0.06421999633312225,0.06421999633312225,0.009421697163967282,0.34320998191833496,0.0
Coll_Geo_2020/2020_Coll_Geo_Viewer_wBCU.MapServer,MapServer,layers/48/query,7.0,0.0002,0.17355285584926605,0.06836000084877014,0.06836000084877014,0.07120999693870544,0.1729000061750412,0.21491000056266785,0.36722999811172485,0.36722999811172485,0.36722999811172485,0.09477069250251556,1.2148699760437012,9.999999747378752e-06
VTD/VotingDistrictsViewer.MapServer,MapServer,layers/3/query,6.0,0.00018,0.06026000156998634,0.02637000009417534,0.02637000009417534,0.03175000101327896,0.059390000998973846,0.06177999824285507,0.12210000306367874,0.12210000306367874,0.12210000306367874,0.031060729514762308,0.36155998706817627,0.0
AdCan/AdCan_State_Proc.MapServer,MapServer,/,6.0,0.00018,0.6295250058174133,0.11388000100851059,0.11388000100851059,0.20545999705791473,0.6557400226593018,0.9713199734687805,0.9836000204086304,0.9836000204086304,0.9836000204086304,0.35022890281480185,3.7771501541137695,3.9999998989515007e-05
AdCan/AdCan_State_Rec.MapServer,MapServer,/,6.0,0.00018,0.7487066984176636,0.12218999862670898,0.12218999862670898,0.20451000332832336,0.7096199989318848,0.9771400094032288,1.7232400178909302,1.7232400178909302,1.7232400178909302,0.5310594259120673,4.492239952087402,4.999999873689376e-05
Coll_Geo_2020/BCU_73.MapServer,MapServer,/,6.0,0.00018,0.7129533290863037,0.13732999563217163,0.13732999563217163,0.1810300052165985,0.7157300114631653,1.0199899673461914,1.2140100002288818,1.2140100002288818,1.2140100002288818,0.4178593531080128,4.277719974517822,4.999999873689376e-05
LUCA/BASEMAP_2016.MapServer,MapServer,MapServer.GetDefaultMapName,5.0,0.00015,0.00042799999937415123,0.00031999999191612005,0.00031999999191612005,0.00041000000783242285,0.0004199999966658652,0.00044999999227002263,0.000539999979082495,0.000539999979082495,0.000539999979082495,7.08237198851592e-05,0.002139999996870756,0.0
LUCA/BASEMAP_2016.MapServer,MapServer,MapServer.GetCacheStorageInfo,5.0,0.00015,0.00035600000410340726,0.00031999999191612005,0.00031999999191612005,0.00033000000985339284,0.0003499999875202775,0.0003499999875202775,0.0004299999854993075,0.0004299999854993075,0.0004299999854993075,3.87814342774345e-05,0.001779999933205545,0.0
LUCA/BASEMAP_2016.MapServer,MapServer,MapServer.IsFixedScaleMap,5.0,0.00015,0.000391999987186864,0.0003600000054575503,0.0003600000054575503,0.0003699999942909926,0.00039999998989515007,0.00039999998989515007,0.0004299999854993075,0.0004299999854993075,0.0004299999854993075,2.4819341153647416e-05,0.0019600000232458115,0.0
test/Test_ArcGISPro_Ref.MapServer,MapServer,MapServer.GetDefaultMapName,5.0,0.00015,0.0005159999709576368,0.0004299999854993075,0.0004299999854993075,0.0004600000102072954,0.0004799999878741801,0.0004900000058114529,0.0007200000109151006,0.0007200000109151006,0.0007200000109151006,0.00010403846055678773,0.002580000087618828,0.0
test/Test_ArcGISPro_Ref.MapServer,MapServer,MapServer.IsFixedScaleMap,5.0,0.00015,0.0004239999980200082,0.00041000000783242285,0.00041000000783242285,0.00041000000783242285,0.0004199999966658652,0.0004299999854993075,0.00044999999227002263,0.00044999999227002263,0.00044999999227002263,1.4966622946347317e-05,0.0021200000774115324,0.0
2020_Mail_Contact_Strategy.MapServer,MapServer,/,5.0,0.00015,1.0192819833755493,0.13831999897956848,0.13831999897956848,0.9254000186920166,1.016129970550537,1.357990026473999,1.6585700511932373,1.6585700511932373,1.6585700511932373,0.5115330294422198,5.096410274505615,5.999999848427251e-05
AdCan/AdCan_State_Proc.MapServer,MapServer,/legend,5.0,0.00015,0.049922000616788864,0.04173000156879425,0.04173000156879425,0.042080000042915344,0.04239000007510185,0.05933000147342682,0.06407999992370605,0.06407999992370605,0.06407999992370605,0.009739571633866849,0.24961000680923462,0.0
Audit_Data.MapServer,MapServer,/,5.0,0.00015,0.3239559829235077,0.13583000004291534,0.13583000004291534,0.1381399929523468,0.1686200052499771,0.18062999844551086,0.9965599775314331,0.9965599775314331,0.9965599775314331,0.33674520481288134,1.6197799444198608,1.9999999494757503e-05
test/Test_ArcGISPro_Ref.MapServer,MapServer,MapServer.GetServerInfo,4.0,0.00012,0.00120749999769032,0.0008800000068731606,0.0008800000068731606,0.0008800000068731606,0.0009699999936856329,0.0010300000431016088,0.0019499999471008778,0.0019499999471008778,0.0019499999471008778,0.00043199389597572475,0.00482999999076128,0.0
test/Test_ArcGISPro_Ref.MapServer,MapServer,MapServer.GetCacheDescriptionInfo,4.0,0.00012,0.000507500022649765,0.0004400000034365803,0.0004400000034365803,0.0004400000034365803,0.0004600000102072954,0.0004600000102072954,0.0006699999794363976,0.0006699999794363976,0.0006699999794363976,9.417402894841454e-05,0.00203000009059906,0.0
test/Test_ArcGISPro_Ref.MapServer,MapServer,MapServer.HasSingleFusedMapCache,4.0,0.00012,0.00042749999556690454,0.00041000000783242285,0.00041000000783242285,0.00041000000783242285,0.0004199999966658652,0.0004299999854993075,0.00044999999227002263,0.00044999999227002263,0.00044999999227002263,1.4790194010940511e-05,0.0017099999822676182,0.0
test/Test_ArcGISPro_Ref.MapServer,MapServer,MapServer.GetServiceConfigurationInfo,4.0,0.00012,0.000534999999217689,0.00041000000783242285,0.00041000000783242285,0.00041000000783242285,0.0004299999854993075,0.00044999999227002263,0.0008500000112690032,0.0008500000112690032,0.0008500000112690032,0.00018241436997986775,0.002139999996870756,0.0
test/Test_ArcGISPro_Ref.MapServer,MapServer,MapServer.GetLegendInfo,4.0,0.00012,0.002567499876022339,0.001290000043809414,0.001290000043809414,0.001290000043809414,0.0016899999463930726,0.00171999994199723,0.005570000037550926,0.005570000037550926,0.005570000037550926,0.0017417861023928266,0.010269999504089355,0.0
test/Test_ArcGISPro_Ref.MapServer,MapServer,MapServer.ExportMapImage,4.0,0.00012,0.2351524978876114,0.21830999851226807,0.21830999851226807,0.21830999851226807,0.23037999868392944,0.24435000121593475,0.2475699931383133,0.2475699931383133,0.2475699931383133,0.011675131579914943,0.9406099915504456,9.999999747378752e-06
test/Test_ArcGISPro_Ref.MapServer,MapServer,/legend,4.0,0.00012,0.002172500127926469,0.001509999972768128,0.001509999972768128,0.001509999972768128,0.001560000004246831,0.001560000004246831,0.00406000018119812,0.00406000018119812,0.00406000018119812,0.0010899398733072911,0.008690000511705875,0.0
test/Test_ArcGISPro_Ref.MapServer,MapServer,layers/0/query,4.0,0.00012,0.1049875020980835,0.012760000303387642,0.012760000303387642,0.012760000303387642,0.01310999970883131,0.01358999963849783,0.3804900050163269,0.3804900050163269,0.3804900050163269,0.15906171820191606,0.419950008392334,0.0
test/test_arcmap_ref.MapServer,MapServer,MapServer.GetDefaultMapName,4.0,0.00012,0.00043250000453554094,0.00039000000106170774,0.00039000000106170774,0.00039000000106170774,0.0004299999854993075,0.0004400000034365803,0.00046999999904073775,0.00046999999904073775,0.00046999999904073775,2.8613807689045625e-05,0.0017300000181421638,0.0
test/test_arcmap_ref.MapServer,MapServer,MapServer.IsFixedScaleMap,4.0,0.00012,0.0003924999909941107,0.00033999999868683517,0.00033999999868683517,0.00033999999868683517,0.00039000000106170774,0.0004199999966658652,0.0004199999966658652,0.0004199999966658652,0.0004199999966658652,3.2691741181142234e-05,0.0015699999639764428,0.0
BCU_ora.MapServer,MapServer,/,4.0,0.00012,0.07927750051021576,0.010209999978542328,0.010209999978542328,0.010209999978542328,0.012509999796748161,0.11118999868631363,0.18320000171661377,0.18320000171661377,0.18320000171661377,0.07253708074033675,0.31711000204086304,0.0
BCU_ora.MapServer,MapServer,/relationships,4.0,0.00012,0.000455000001238659,0.00039999998989515007,0.00039999998989515007,0.00039999998989515007,0.00044999999227002263,0.0004600000102072954,0.0005099999834783375,0.0005099999834783375,0.0005099999834783375,3.9051246694324476e-05,0.001820000004954636,0.0
Coll_Geo_2020/2020_Coll_Geo_Viewer_wBCU.MapServer,MapServer,MapServer.GetCacheStorageInfo,4.0,0.00012,0.00039499998092651367,0.0003800000122282654,0.0003800000122282654,0.0003800000122282654,0.00039999998989515007,0.00039999998989515007,0.00039999998989515007,0.00039999998989515007,0.00039999998989515007,8.660244367333997e-06,0.0015799999237060547,0.0
test/test_arcmap_ref.MapServer,MapServer,MapServer.ExportMapImage,3.0,9e-05,0.1269666701555252,0.11618000268936157,0.11618000268936157,0.11618000268936157,0.12738999724388123,0.13732999563217163,0.13732999563217163,0.13732999563217163,0.13732999563217163,0.008639635713466895,0.38089999556541443,0.0
test/test_arcmap_ref.MapServer,MapServer,MapServer.Identify,3.0,9e-05,0.042733334004879,0.004009999800473452,0.004009999800473452,0.004009999800473452,0.0041600000113248825,0.1200300008058548,0.1200300008058548,0.1200300008058548,0.1200300008058548,0.05465703156408602,0.1281999945640564,0.0
2020_Mail_Contact_Strategy.MapServer,MapServer,dynamicLayer,3.0,9e-05,0.01975666731595993,0.01954999938607216,0.01954999938607216,0.01954999938607216,0.01972999982535839,0.019990000873804092,0.019990000873804092,0.019990000873804092,0.019990000873804092,0.00018061684815772768,0.05927000194787979,0.0
AdCan/AdCan_County_Rec.MapServer,MapServer,layers/0/query,3.0,9e-05,0.8490666151046753,0.16303999722003937,0.16303999722003937,0.16303999722003937,0.26660001277923584,2.1175599098205566,2.1175599098205566,2.1175599098205566,2.1175599098205566,0.8979560350141708,2.5471999645233154,2.9999999242136255e-05
PES_BCU/PES_BCU_Search.MapServer,MapServer,MapServer.GetDefaultMapName,2.0,6e-05,0.0004999999655410647,0.0004600000102072954,0.0004600000102072954,0.0004600000102072954,0.0004600000102072954,0.000539999979082495,0.000539999979082495,0.000539999979082495,0.000539999979082495,3.999998443761037e-05,0.0009999999310821295,0.0
PES_BCU/PES_BCU_Search.MapServer,MapServer,MapServer.GetCacheStorageInfo,2.0,6e-05,0.0004149999876972288,0.0003499999875202775,0.0003499999875202775,0.0003499999875202775,0.0003499999875202775,0.0004799999878741801,0.0004799999878741801,0.0004799999878741801,0.0004799999878741801,6.500000017695129e-05,0.0008299999753944576,0.0
PES_BCU/PES_BCU_Search.MapServer,MapServer,MapServer.IsFixedScaleMap,2.0,6e-05,0.0004099999787285924,0.0003699999942909926,0.0003699999942909926,0.0003699999942909926,0.0003699999942909926,0.00044999999227002263,0.00044999999227002263,0.00044999999227002263,0.00044999999227002263,3.9999998989517656e-05,0.0008199999574571848,0.0
PES_BCU/PES_BCU_Search.MapServer,MapServer,/legend,2.0,6e-05,0.046620000153779984,0.0385500006377697,0.0385500006377697,0.0385500006377697,0.0385500006377697,0.05468999966979027,0.05468999966979027,0.05468999966979027,0.05468999966979027,0.008069999516010284,0.09324000030755997,0.0
SampleWorldCities.MapServer,MapServer,/,2.0,6e-05,0.9538600444793701,0.8134199976921082,0.8134199976921082,0.8134199976921082,0.8134199976921082,1.0943000316619873,1.0943000316619873,1.0943000316619873,1.0943000316619873,0.14044001698494274,1.9077200889587402,1.9999999494757503e-05
VTD/VotingDistrictsViewer.MapServer,MapServer,MapServer.GetDefaultMapName,2.0,6e-05,0.00041500001680105925,0.00041000000783242285,0.00041000000783242285,0.00041000000783242285,0.00041000000783242285,0.0004199999966658652,0.0004199999966658652,0.0004199999966658652,0.0004199999966658652,4.999994416742341e-06,0.0008300000336021185,0.0
VTD/VotingDistrictsViewer.MapServer,MapServer,MapServer.GetCacheStorageInfo,2.0,6e-05,0.00033000000985339284,0.00031999999191612005,0.00031999999191612005,0.00031999999191612005,0.00031999999191612005,0.00033999999868683517,0.00033999999868683517,0.00033999999868683517,0.00033999999868683517,1.0000003385368147e-05,0.0006600000197067857,0.0
VTD/VotingDistrictsViewer.MapServer,MapServer,MapServer.IsFixedScaleMap,2.0,6e-05,0.0003549999964889139,0.00033999999868683517,0.00033999999868683517,0.00033999999868683517,0.00033999999868683517,0.0003699999942909926,0.0003699999942909926,0.0003699999942909926,0.0003699999942909926,1.4999997802078724e-05,0.0007099999929778278,0.0
IntProdPortal/2020_IFAC_Universe.MapServer,MapServer,MapServer.GetDefaultMapName,2.0,6e-05,0.0012199999764561653,0.0004600000102072954,0.0004600000102072954,0.0004600000102072954,0.0004600000102072954,0.001979999942705035,0.001979999942705035,0.001979999942705035,0.001979999942705035,0.0007599999662488699,0.0024399999529123306,0.0
IntProdPortal/2020_IFAC_Universe.MapServer,MapServer,MapServer.GetCacheStorageInfo,2.0,6e-05,0.0004199999966658652,0.0003600000054575503,0.0003600000054575503,0.0003600000054575503,0.0003600000054575503,0.0004799999878741801,0.0004799999878741801,0.0004799999878741801,0.0004799999878741801,5.9999991208314896e-05,0.0008399999933317304,0.0
IntProdPortal/2020_IFAC_Universe.MapServer,MapServer,MapServer.IsFixedScaleMap,2.0,6e-05,0.0004249999765306711,0.0004199999966658652,0.0004199999966658652,0.0004199999966658652,0.0004199999966658652,0.0004299999854993075,0.0004299999854993075,0.0004299999854993075,0.0004299999854993075,4.999994416742341e-06,0.0008499999530613422,0.0
IntProdPortal/2020_IFAC_Universe2.MapServer,MapServer,dynamicLayer,2.0,6e-05,0.006134999915957451,0.005869999993592501,0.005869999993592501,0.005869999993592501,0.005869999993592501,0.006399999838322401,0.006399999838322401,0.006399999838322401,0.006399999838322401,0.0002649999223649502,0.012269999831914902,0.0
IntProdPortal/2020_IFAC_Universe2.MapServer,MapServer,dynamicLayer/query,2.0,6e-05,13.254654884338379,13.146699905395508,13.146699905395508,13.146699905395508,13.146699905395508,13.36260986328125,13.36260986328125,13.36260986328125,13.36260986328125,0.1079549789428711,26.509309768676758,0.0003100000030826777
IntProdPortal/2020_TEA.MapServer,MapServer,MapServer.GetDefaultMapName,2.0,6e-05,0.002050000010058284,0.0019399999873712659,0.0019399999873712659,0.0019399999873712659,0.0019399999873712659,0.00215999991632998,0.00215999991632998,0.00215999991632998,0.00215999991632998,0.0001099999644793724,0.004100000020116568,0.0
IntProdPortal/2020_TEA.MapServer,MapServer,MapServer.GetCacheStorageInfo,2.0,6e-05,0.0003600000054575503,0.00033000000985339284,0.00033000000985339284,0.00033000000985339284,0.00033000000985339284,0.00039000000106170774,0.00039000000106170774,0.00039000000106170774,0.00039000000106170774,2.9999995604157448e-05,0.0007200000109151006,0.0
IntProdPortal/2020_TEA.MapServer,MapServer,MapServer.IsFixedScaleMap,2.0,6e-05,0.0004249999765306711,0.0004199999966658652,0.0004199999966658652,0.0004199999966658652,0.0004199999966658652,0.0004299999854993075,0.0004299999854993075,0.0004299999854993075,0.0004299999854993075,4.999994416742341e-06,0.0008499999530613422,0.0
IntProdPortal/2020_TEA.MapServer,MapServer,layers/0/query,2.0,6e-05,1.3109500408172607,1.1306999921798706,1.1306999921798706,1.1306999921798706,1.1306999921798706,1.4911999702453613,1.4911999702453613,1.4911999702453613,1.4911999702453613,0.18024998903275521,2.6219000816345215,2.9999999242136255e-05
LUCA/BASEMAP_2016.MapServer,MapServer,layers/0/query,2.0,6e-05,0.0015150000108405948,0.0006799999973736703,0.0006799999973736703,0.0006799999973736703,0.0006799999973736703,0.0023499999660998583,0.0023499999660998583,0.0023499999660998583,0.0023499999660998583,0.0008349999843630945,0.0030300000216811895,0.0
VTD/VotingDistrictsViewer_156fs.MapServer,MapServer,/,2.0,6e-05,0.16957999765872955,0.1531199961900711,0.1531199961900711,0.1531199961900711,0.1531199961900711,0.186039999127388,0.186039999127388,0.186039999127388,0.186039999127388,0.016460001468658447,0.3391599953174591,0.0
test/test_arcmap_ref.MapServer,MapServer,/,2.0,6e-05,0.09307999908924103,0.07423999905586243,0.07423999905586243,0.07423999905586243,0.07423999905586243,0.11191999912261963,0.11191999912261963,0.11191999912261963,0.11191999912261963,0.0188400000333786,0.18615999817848206,0.0
test/test_arcmap_ref.MapServer,MapServer,MapServer.GetServerInfo,2.0,6e-05,0.0014199999859556556,0.000859999970998615,0.000859999970998615,0.000859999970998615,0.000859999970998615,0.001979999942705035,0.001979999942705035,0.001979999942705035,0.001979999942705035,0.0005599999858532109,0.002839999971911311,0.0
test/test_arcmap_ref.MapServer,MapServer,MapServer.GetCacheDescriptionInfo,2.0,6e-05,0.0003850000211969018,0.0003600000054575503,0.0003600000054575503,0.0003600000054575503,0.0003600000054575503,0.00041000000783242285,0.00041000000783242285,0.00041000000783242285,0.00041000000783242285,2.5000001187440518e-05,0.0007700000423938036,0.0
test/test_arcmap_ref.MapServer,MapServer,MapServer.HasSingleFusedMapCache,2.0,6e-05,0.000375000003259629,0.0003499999875202775,0.0003499999875202775,0.0003499999875202775,0.0003499999875202775,0.00039999998989515007,0.00039999998989515007,0.00039999998989515007,0.00039999998989515007,2.5000001187440518e-05,0.000750000006519258,0.0
test/test_arcmap_ref.MapServer,MapServer,MapServer.GetServiceConfigurationInfo,2.0,6e-05,0.0004199999966658652,0.0003699999942909926,0.0003699999942909926,0.0003699999942909926,0.0003699999942909926,0.00046999999904073775,0.00046999999904073775,0.00046999999904073775,0.00046999999904073775,5.0000002374872565e-05,0.0008399999933317304,0.0
test/test_arcmap_ref.MapServer,MapServer,MapServer.GetLegendInfo,2.0,6e-05,0.008230000734329224,0.005640000104904175,0.005640000104904175,0.005640000104904175,0.005640000104904175,0.010820000432431698,0.010820000432431698,0.010820000432431698,0.010820000432431698,0.0025900001637638036,0.016460001468658447,0.0
test/test_arcmap_ref.MapServer,MapServer,/legend,2.0,6e-05,0.006324999965727329,0.00610999995842576,0.00610999995842576,0.00610999995842576,0.00610999995842576,0.006539999973028898,0.006539999973028898,0.006539999973028898,0.006539999973028898,0.00021500000730156898,0.012649999931454659,0.0
test/test_arcmap_ref.MapServer,MapServer,/export,2.0,6e-05,0.08592499792575836,0.05993000045418739,0.05993000045418739,0.05993000045418739,0.05993000045418739,0.11191999912261963,0.11191999912261963,0.11191999912261963,0.11191999912261963,0.025994999334216184,0.17184999585151672,0.0
2020_Coll_Geo_Viewer.MapServer,MapServer,/,2.0,6e-05,0.5151549577713013,0.503849983215332,0.503849983215332,0.503849983215332,0.503849983215332,0.5264599919319153,0.5264599919319153,0.5264599919319153,0.5264599919319153,0.011305004358330909,1.0303099155426025,9.999999747378752e-06
AdCan/AdCan_County_Proc.MapServer,MapServer,dynamicLayer/query,2.0,6e-05,0.07305499911308289,0.023269999772310257,0.023269999772310257,0.023269999772310257,0.023269999772310257,0.12284000217914581,0.12284000217914581,0.12284000217914581,0.12284000217914581,0.04978500120341781,0.14610999822616577,0.0
Coll_Geo_2020/2020_Coll_Geo_Viewer.MapServer,MapServer,dynamicLayer/query,2.0,6e-05,0.11306999623775482,0.07524999976158142,0.07524999976158142,0.07524999976158142,0.07524999976158142,0.15088999271392822,0.15088999271392822,0.15088999271392822,0.15088999271392822,0.0378199964761734,0.22613999247550964,0.0
Coll_Geo_2020/BCU_73.MapServer,MapServer,/legend,2.0,6e-05,0.005704999901354313,0.005679999943822622,0.005679999943822622,0.005679999943822622,0.005679999943822622,0.0057299998588860035,0.0057299998588860035,0.0057299998588860035,0.0057299998588860035,2.4999957531690598e-05,0.011409999802708626,0.0
MyMapService.MapServer,MapServer,MapServer.GetDefaultMapName,1.0,3e-05,0.00046999999904073775,0.00046999999904073775,0.00046999999904073775,0.00046999999904073775,0.00046999999904073775,0.00046999999904073775,0.00046999999904073775,0.00046999999904073775,0.00046999999904073775,0.0,0.00046999999904073775,0.0
MyMapService.MapServer,MapServer,MapServer.GetServerInfo,1.0,3e-05,0.0033499998971819878,0.0033499998971819878,0.0033499998971819878,0.0033499998971819878,0.0033499998971819878,0.0033499998971819878,0.0033499998971819878,0.0033499998971819878,0.0033499998971819878,0.0,0.0033499998971819878,0.0
MyMapService.MapServer,MapServer,MapServer.GetCacheDescriptionInfo,1.0,3e-05,0.00044999999227002263,0.00044999999227002263,0.00044999999227002263,0.00044999999227002263,0.00044999999227002263,0.00044999999227002263,0.00044999999227002263,0.00044999999227002263,0.00044999999227002263,0.0,0.00044999999227002263,0.0
MyMapService.MapServer,MapServer,MapServer.HasSingleFusedMapCache,1.0,3e-05,0.0004299999854993075,0.0004299999854993075,0.0004299999854993075,0.0004299999854993075,0.0004299999854993075,0.0004299999854993075,0.0004299999854993075,0.0004299999854993075,0.0004299999854993075,0.0,0.0004299999854993075,0.0
MyMapService.MapServer,MapServer,MapServer.IsFixedScaleMap,1.0,3e-05,0.00039999998989515007,0.00039999998989515007,0.00039999998989515007,0.00039999998989515007,0.00039999998989515007,0.00039999998989515007,0.00039999998989515007,0.00039999998989515007,0.00039999998989515007,0.0,0.00039999998989515007,0.0
MyMapService.MapServer,MapServer,MapServer.GetServiceConfigurationInfo,1.0,3e-05,0.0006099999882280827,0.0006099999882280827,0.0006099999882280827,0.0006099999882280827,0.0006099999882280827,0.0006099999882280827,0.0006099999882280827,0.0006099999882280827,0.0006099999882280827,0.0,0.0006099999882280827,0.0
MyMapService.MapServer,MapServer,MapServer.GetLegendInfo,1.0,3e-05,0.007699999958276749,0.007699999958276749,0.007699999958276749,0.007699999958276749,0.007699999958276749,0.007699999958276749,0.007699999958276749,0.007699999958276749,0.007699999958276749,0.0,0.007699999958276749,0.0
MyMapService.MapServer,MapServer,MapServer.ExportMapImage,1.0,3e-05,0.17015999555587769,0.17015999555587769,0.17015999555587769,0.17015999555587769,0.17015999555587769,0.17015999555587769,0.17015999555587769,0.17015999555587769,0.17015999555587769,0.0,0.17015999555587769,0.0
test/Test_ArcGISPro_Ref.MapServer,MapServer,/,1.0,3e-05,0.1278200000524521,0.1278200000524521,0.1278200000524521,0.1278200000524521,0.1278200000524521,0.1278200000524521,0.1278200000524521,0.1278200000524521,0.1278200000524521,0.0,0.1278200000524521,0.0
test/Test_ArcGISPro_Ref.MapServer,MapServer,/layers/0,1.0,3e-05,0.006579999811947346,0.006579999811947346,0.006579999811947346,0.006579999811947346,0.006579999811947346,0.006579999811947346,0.006579999811947346,0.006579999811947346,0.006579999811947346,0.0,0.006579999811947346,0.0
2020_Mail_Contact_Strategy.MapServer,MapServer,dynamicLayer/query,1.0,3e-05,0.7509599924087524,0.7509599924087524,0.7509599924087524,0.7509599924087524,0.7509599924087524,0.7509599924087524,0.7509599924087524,0.7509599924087524,0.7509599924087524,0.0,0.7509599924087524,9.999999747378752e-06
AdCan/AdCan_County_Proc.MapServer,MapServer,dynamicLayer,1.0,3e-05,0.1012599989771843,0.1012599989771843,0.1012599989771843,0.1012599989771843,0.1012599989771843,0.1012599989771843,0.1012599989771843,0.1012599989771843,0.1012599989771843,0.0,0.1012599989771843,0.0
bas20gdb_BCU_73_pt_min.MapServer,MapServer,/,1.0,3e-05,0.11800000071525574,0.11800000071525574,0.11800000071525574,0.11800000071525574,0.11800000071525574,0.11800000071525574,0.11800000071525574,0.11800000071525574,0.11800000071525574,0.0,0.11800000071525574,0.0
bas20gdb_BCU_73_pt_min.MapServer,MapServer,/legend,1.0,3e-05,0.0035500000230968,0.0035500000230968,0.0035500000230968,0.0035500000230968,0.0035500000230968,0.0035500000230968,0.0035500000230968,0.0035500000230968,0.0035500000230968,0.0,0.0035500000230968,0.0
BCU_ora.MapServer,MapServer,/queryDomains,1.0,3e-05,0.17878000438213348,0.17878000438213348,0.17878000438213348,0.17878000438213348,0.17878000438213348,0.17878000438213348,0.17878000438213348,0.17878000438213348,0.17878000438213348,0.0,0.17878000438213348,0.0
Coll_Geo_2020/2020_Coll_Geo_Viewer.MapServer,MapServer,layers/3/query,1.0,3e-05,0.2612699866294861,0.2612699866294861,0.2612699866294861,0.2612699866294861,0.2612699866294861,0.2612699866294861,0.2612699866294861,0.2612699866294861,0.2612699866294861,0.0,0.2612699866294861,0.0
Coll_Geo_2020/2020_Coll_Geo_Viewer.MapServer,MapServer,MapServer.GetDefaultMapName,1.0,3e-05,0.0019000000320374966,0.0019000000320374966,0.0019000000320374966,0.0019000000320374966,0.0019000000320374966,0.0019000000320374966,0.0019000000320374966,0.0019000000320374966,0.0019000000320374966,0.0,0.0019000000320374966,0.0
Coll_Geo_2020/2020_Coll_Geo_Viewer.MapServer,MapServer,MapServer.GetCacheStorageInfo,1.0,3e-05,0.0004199999966658652,0.0004199999966658652,0.0004199999966658652,0.0004199999966658652,0.0004199999966658652,0.0004199999966658652,0.0004199999966658652,0.0004199999966658652,0.0004199999966658652,0.0,0.0004199999966658652,0.0
Coll_Geo_2020/2020_Coll_Geo_Viewer.MapServer,MapServer,MapServer.IsFixedScaleMap,1.0,3e-05,0.0005200000014156103,0.0005200000014156103,0.0005200000014156103,0.0005200000014156103,0.0005200000014156103,0.0005200000014156103,0.0005200000014156103,0.0005200000014156103,0.0005200000014156103,0.0,0.0005200000014156103,0.0
Coll_Geo_2020/2020_Coll_Geo_Viewer.MapServer,MapServer,layers/26/query,1.0,3e-05,0.4000999927520752,0.4000999927520752,0.4000999927520752,0.4000999927520752,0.4000999927520752,0.4000999927520752,0.4000999927520752,0.4000999927520752,0.4000999927520752,0.0,0.4000999927520752,0.0
Coll_Geo_2020/BCU_73.MapServer,MapServer,MapServer.GetDefaultMapName,1.0,3e-05,0.0006600000197067857,0.0006600000197067857,0.0006600000197067857,0.0006600000197067857,0.0006600000197067857,0.0006600000197067857,0.0006600000197067857,0.0006600000197067857,0.0006600000197067857,0.0,0.0006600000197067857,0.0
Coll_Geo_2020/BCU_73.MapServer,MapServer,MapServer.IsFixedScaleMap,1.0,3e-05,0.0005200000014156103,0.0005200000014156103,0.0005200000014156103,0.0005200000014156103,0.0005200000014156103,0.0005200000014156103,0.0005200000014156103,0.0005200000014156103,0.0005200000014156103,0.0,0.0005200000014156103,0.0
Coll_Geo_2020/BCU_73_query.MapServer,MapServer,MapServer.GetDefaultMapName,1.0,3e-05,0.0004299999854993075,0.0004299999854993075,0.0004299999854993075,0.0004299999854993075,0.0004299999854993075,0.0004299999854993075,0.0004299999854993075,0.0004299999854993075,0.0004299999854993075,0.0,0.0004299999854993075,0.0
Coll_Geo_2020/BCU_73_query.MapServer,MapServer,MapServer.GetCacheStorageInfo,1.0,3e-05,0.00031999999191612005,0.00031999999191612005,0.00031999999191612005,0.00031999999191612005,0.00031999999191612005,0.00031999999191612005,0.00031999999191612005,0.00031999999191612005,0.00031999999191612005,0.0,0.00031999999191612005,0.0
Coll_Geo_2020/BCU_73_query.MapServer,MapServer,MapServer.IsFixedScaleMap,1.0,3e-05,0.00046999999904073775,0.00046999999904073775,0.00046999999904073775,0.00046999999904073775,0.00046999999904073775,0.00046999999904073775,0.00046999999904073775,0.00046999999904073775,0.00046999999904073775,0.0,0.00046999999904073775,0.0
Coll_Geo_2020/Map.MapServer,MapServer,/,1.0,3e-05,0.1320900022983551,0.1320900022983551,0.1320900022983551,0.1320900022983551,0.1320900022983551,0.1320900022983551,0.1320900022983551,0.1320900022983551,0.1320900022983551,0.0,0.1320900022983551,0.0
Coll_Geo_2020/Map.MapServer,MapServer,MapServer.GetDefaultMapName,1.0,3e-05,0.0005499999970197678,0.0005499999970197678,0.0005499999970197678,0.0005499999970197678,0.0005499999970197678,0.0005499999970197678,0.0005499999970197678,0.0005499999970197678,0.0005499999970197678,0.0,0.0005499999970197678,0.0
Coll_Geo_2020/Map.MapServer,MapServer,MapServer.IsFixedScaleMap,1.0,3e-05,0.0005000000237487257,0.0005000000237487257,0.0005000000237487257,0.0005000000237487257,0.0005000000237487257,0.0005000000237487257,0.0005000000237487257,0.0005000000237487257,0.0005000000237487257,0.0,0.0005000000237487257,0.0
,,,,,,,,,,,,,,,,
